alpha3,belief_cc_mean,belief_cc_std,policy_support_mean,policy_support_std,wept_mean,wept_std,share_social_media_mean,share_social_media_entropy,alpha2,country_standard,country,best_intv_belief_cc,best_intv_policy_support,best_intv_share_social_media,best_intv_wept,belief_cc_mean_rank,belief_cc_std_rank,policy_support_mean_rank,policy_support_std_rank,wept_mean_rank,wept_std_rank,share_social_media_mean_rank,share_social_media_entropy_rank
ARE,32.1778173482901,62.0958411071839,47.26255390751,61.9916180927877,94.8569194761476,66.2905445762313,85.1539377280694,50.7570583966263,AE,United Arab Emirates,unitedarabemirates,CollectAction,CollectAction,BindingMoral,NegativeEmotions,43,29,43,25,5,55,10,52
ARM,59.9777437715582,46.7202996766774,49.9483982496289,52.9720676464184,46.4999183430389,81.4129886300587,20.5946187404746,86.0117201989019,AM,Armenia,armenia,Letter2Future,Letter2Future,Identity-Social-Norms-Intervention,FutureSelfCont,23,42,40,41,60,40,50,26
AUS,28.7688805861447,78.2761048666536,51.3122431499502,72.5485814397169,88.2470036272836,82.4911095802927,36.8115720413757,98.8758038790424,AU,Australia,australia,PsychDistance,PsychDistance,SystemJust,PluralIgnorance,48,8,39,12,14,37,41,7
AUT,29.2654204135561,73.6986547356267,36.3088651566248,73.094292074832,55.721147088522,94.9540828017136,13.0958200596905,74.8695283799411,AT,Austria,austria,SciConsens,DynamicNorm,DynamicNorm,PsychDistance,47,16,51,10,54,7,54,34
BEL,23.4839525966775,69.6530912275856,32.3411938541545,63.2083803149149,78.7751588108256,91.0959651300144,22.8407222244788,88.6779156849568,BE,Belgium,belgium,PluralIgnorance,FutureSelfCont,CollectAction,DynamicNorm,55,20,53,24,24,14,47,20
BGR,41.42663442753,70.3986572858124,60.6532637059813,69.1142914019292,78.2386064092694,86.7430513874904,60.2659510006346,92.579494739765,BG,Bulgaria,bulgaria,CollectAction,CollectAction,CollectAction,BindingMoral,38,19,29,17,26,23,32,11
BRA,71.3970385935523,47.6832580188852,89.4352692562503,54.5674622606144,82.9870624645439,84.8685787926751,71.9259124211306,78.108759155653,BR,Brazil,brazil,SciConsens,Letter2Future,SystemJust,Control,12,41,3,36,20,28,21,32
CAN,60.4909823330727,54.5823113970812,54.7691636659087,55.4820411937083,70.5064090342418,84.1393154225939,24.782362388109,90.7453715135398,CA,Canada,canada,PsychDistance,CollectAction,PsychDistance,NegativeEmotions,22,36,37,33,37,31,43,14
CHE,39.8703544707058,66.6539157599161,42.9838115995719,70.1219033033722,76.3447432840429,87.3786837679658,11.9559069582691,72.8569278067389,CH,Switzerland,switzerland,CollectAction,PsychDistance,Identity-Social-Norms-Intervention,Control,39,25,48,14,33,21,55,36
CHL,71.9810402585283,48.3243655454311,88.7322304336607,50.3004239150326,98.9599640987877,59.7606112888099,73.8846429980086,74.8516726134594,CL,Chile,chile,SciConsens,FutureSelfCont,FutureSelfCont,DynamicNorm,9,40,6,45,2,60,20,35
CHN,63.2218139489025,15.8866876879275,77.1653162510581,22.2873082802573,90.2158887989139,62.9504265642829,82.8790902692502,56.4214416622411,CN,China,china,PsychDistance,CollectAction,SystemJust,BindingMoral,21,60,17,61,9,58,13,47
CZE,57.3667924883943,62.0506890937487,42.0003491267956,56.051021882381,81.4028436945584,75.1335755611743,2.96635481803624,53.6763977083402,CZ,Czechia,czechia,NegativeEmotions,NegativeEmotions,Letter2Future,Letter2Future,27,30,49,31,22,46,60,49
DEU,32.085872249304,78.5751474894733,33.5583954301568,81.3061772000046,69.7480880620202,97.5542881377266,19.2878358427267,84.3221316202175,DE,Germany,germany,NegativeEmotions,CollectAction,FutureSelfCont,BindingMoral,44,7,52,4,40,3,51,28
DNK,26.182311252234,73.0013030313847,45.609218665725,77.1490703839768,76.7105948339047,100,44.7995387622474,100,DK,Denmark,denmark,SciConsens,PsychDistance,NegativeEmotions,SystemJust,50,18,45,6,32,1,39,1
DZA,42.4141956238045,61.0568526932877,74.1989685318662,45.6071485224245,66.9782776245622,90.8480113126862,71.7553526058668,78.3804864386434,DZ,Algeria,algeria,Identity-Social-Norms-Intervention,CollectAction,FutureSelfCont,Control,36,31,19,50,45,15,22,31
ECU,64.2532336637436,53.8559948142044,65.9942016912865,58.3815878228643,66.4379399576737,86.4558072893358,94.1466274011126,23.4288579581319,EC,Ecuador,ecuador,PsychDistance,PsychDistance,NegativeEmotions,SystemJust,19,38,25,29,47,24,4,60
ESP,53.9045183181375,68.9833993127433,70.4820429152954,69.2159416865707,86.940191919111,73.0446113884257,48.5580476263418,99.3699987370587,ES,Spain,spain,CollectAction,CollectAction,CollectAction,FutureSelfCont,28,22,22,16,15,51,36,5
FIN,19.9842739290841,77.5858961145456,19.2283458659842,77.0346043511468,49.4327492948999,93.8275193194688,23.6253966888186,89.5396465505033,FI,Finland,finland,PsychDistance,SystemJust,PsychDistance,PluralIgnorance,58,9,60,7,58,10,46,19
FRA,48.7954776143798,53.5355032268381,49.0455476091077,54.8984331376279,80.5028461310353,89.7241418393453,62.0131189282894,90.92071022659,FR,France,france,CollectAction,CollectAction,Letter2Future,SystemJust,31,39,41,35,23,17,30,13
GBR,37.9245464462959,64.8172073764835,56.0051513892341,65.8391366958081,70.0798456161874,90.4527096339113,49.1057452228245,99.2161203197394,GB,United Kingdom,uk,FutureSelfCont,FutureSelfCont,Letter2Future,BindingMoral,40,26,36,22,38,16,35,6
GHA,77.2444283722027,31.7597999265127,84.5627806422703,41.1742411437436,77.8906684554116,89.1145632370229,87.7887965559809,43.6181577805521,GH,Ghana,ghana,PsychDistance,BindingMoral,Identity-Social-Norms-Intervention,SciConsens,3,54,8,56,28,20,8,56
GMB,70.6419098362983,41.2507351371516,79.9868057594061,51.6567786242688,54.911971361213,91.5631939563987,92.9596205674033,27.5558121492153,GM,Gambia,gambia,Control,Control,CollectAction,PluralIgnorance,14,47,14,44,56,12,5,59
GRC,29.4092447129812,73.0243828624811,48.160678870463,55.4776784276283,78.76950694678,86.9194549244288,64.394085886632,88.379161117496,GR,Greece,greece,FutureSelfCont,FutureSelfCont,Letter2Future,PluralIgnorance,46,17,42,34,25,22,27,21
IND,68.4612135248443,21.8462115867966,86.2754128894625,20.0019667185502,30.7987323361701,74.6385139898504,82.3116537404623,57.7664417640377,IN,India,india,NegativeEmotions,SystemJust,NegativeEmotions,Letter2Future,16,59,7,62,62,49,16,43
IRL,48.6670650838529,59.9807456447544,58.5766408841301,54.399792299164,37.4829929543546,80.7906154546526,62.8035438543307,90.1132182984547,IE,Ireland,ireland,PsychDistance,PluralIgnorance,NegativeEmotions,DynamicNorm,32,34,32,37,61,42,28,18
ISR,2.70150360100561,90.108432063704,37.5891741049764,65.9753012163958,69.5848134474882,82.9004500885172,20.6839683454383,86.1234926766697,IL,Israel,israel,CollectAction,CollectAction,BindingMoral,SciConsens,62,3,50,21,42,36,49,25
ITA,72.986214423508,40.2341635360229,64.8562891107623,44.7262759471174,92.9056795495819,60.9341409233467,52.3321046973835,97.9871821651574,IT,Italy,italy,PsychDistance,PsychDistance,PsychDistance,PluralIgnorance,8,48,26,52,7,59,34,8
JPN,24.2354404474728,64.7314078764775,0,52.9291619486373,77.5930545483625,94.9250289253602,8.90763725623779,67.0318370630747,JP,Japan,japan,FutureSelfCont,Letter2Future,CollectAction,Control,54,27,63,42,30,8,58,39
KEN,73.583578743087,29.5480704170063,66.4737417666806,53.0454968787097,85.6007416341738,68.8803094299611,100,0,KE,Kenya,kenya,Letter2Future,CollectAction,BindingMoral,BindingMoral,7,56,24,40,17,54,1,63
KOR,52.0957001295001,45.2570226695751,57.9684774822395,45.2917063586516,90.1446508120552,78.8258767051381,79.8505725190224,63.3017161089759,KR,South Korea,southkorea,PsychDistance,CollectAction,CollectAction,PluralIgnorance,29,44,33,51,10,43,17,42
LKA,63.2787601536793,30.8225029348017,89.1096392108237,24.728668792558,69.4269051619116,89.5534769605132,61.8734329571764,91.0596982570424,LK,Sri Lanka,srilanka,Letter2Future,Letter2Future,NegativeEmotions,Control,20,55,4,60,43,19,31,12
LVA,0,100,16.2228053710771,81.8289618491287,66.2361269586935,71.5935070385998,0,45.9058839773893,LV,Latvia,latvia,FutureSelfCont,Letter2Future,SystemJust,DynamicNorm,63,1,62,3,48,53,63,55
MAR,42.0974432808795,62.4665285995518,71.2312517362598,61.7379666346374,63.6211233784604,92.9456893603686,79.0504006910412,65.0004648394021,MA,Morocco,morocco,Letter2Future,FutureSelfCont,Identity-Social-Norms-Intervention,Control,37,28,21,26,49,11,18,41
MEX,76.5900225462391,28.2310665864694,77.7703738512912,47.3576305415134,84.0418843498083,84.6006721761586,96.8078854710394,13.471230183287,MX,Mexico,mexico,FutureSelfCont,CollectAction,NegativeEmotions,DynamicNorm,6,57,15,49,18,30,3,61
MKD,58.9856953243234,54.4983751960727,59.5284496692053,49.9197834134197,54.5206160061039,84.0533740634535,14.5170835122492,77.2570199837982,MK,North Macedonia,northmacedonia,BindingMoral,DynamicNorm,CollectAction,SciConsens,25,37,30,47,57,32,53,33
NGA,68.92979534927,34.9774969650324,80.9060314768592,44.4004189129821,86.2987996364798,81.1698212613691,89.8175566218385,37.6618370649351,NG,Nigeria,nigeria,PsychDistance,Letter2Future,Letter2Future,FutureSelfCont,15,53,11,53,16,41,7,57
NLD,25.7014332203192,74.2573413912874,47.0717503229019,68.603611875167,60.9282374642144,86.1179209447008,4.19131683839438,56.6610639700188,NL,Netherlands,netherlands,DynamicNorm,Letter2Future,Letter2Future,Control,52,14,44,18,50,26,59,46
NOR,10.4540575934574,85.759550223285,29.6591994965045,75.9829220051527,88.7925487887474,81.9567604278429,2.35308213762522,52.1341609190189,NO,Norway,norway,Letter2Future,Letter2Future,Control,BindingMoral,59,4,56,8,13,38,61,51
NZL,20.7317279019746,80.134021183136,31.7063741475589,72.7763610728873,77.6796681752295,91.5076255412265,26.9893209317567,92.833872608108,NZ,New Zealand,newzealand,PsychDistance,FutureSelfCont,SciConsens,SciConsens,56,6,54,11,29,13,42,10
PER,65.8324244664185,45.9959472342918,57.6454395015998,55.4943607200456,69.7021956002199,82.9425326362918,83.1089171340234,55.8691228807396,PE,Peru,peru,SystemJust,DynamicNorm,NegativeEmotions,Identity-Social-Norms-Intervention,18,43,34,32,41,35,12,48
PHL,100,0,83.5422149955421,50.161738539208,93.8652680401708,65.276555061839,62.3753487562931,90.555100169006,PH,Philippines,philippines,Identity-Social-Norms-Intervention,CollectAction,BindingMoral,Control,1,63,10,46,6,56,29,15
POL,35.7968509759426,73.8332756789625,45.5604357774163,66.3671297779716,89.0613304690094,75.1303204312603,24.2831696863584,90.2345744714852,PL,Poland,poland,DynamicNorm,CollectAction,PsychDistance,SystemJust,41,15,46,20,12,47,45,17
PRT,89.1549769852829,15.5682996400314,74.7177531850198,26.1657096999217,69.1552664628624,72.2584841320222,24.4411981383522,90.3978212472574,PT,Portugal,portugal,PsychDistance,PsychDistance,NegativeEmotions,CollectAction,2,61,18,59,44,52,44,16
ROU,44.5114901881577,84.0626158167765,53.4568781839712,67.0916911633296,83.1620332748366,83.0074944155876,1.59847871302619,50.1913689314465,RO,Romania,romania,SciConsens,SciConsens,Letter2Future,CollectAction,34,5,38,19,19,34,62,54
RUS,25.904682080039,68.9417373506841,26.8392919082511,59.0338189109632,66.9546333531976,89.6868312012908,11.8704546713599,72.7024924395475,RU,Russian Federation,russia,NegativeEmotions,CollectAction,NegativeEmotions,SciConsens,51,23,58,28,46,18,56,37
SAU,4.81029497710877,76.8623460242281,18.7108560960672,80.4113551503522,90.3590194732064,76.1948319906462,84.2410272456841,53.083609808905,SA,Saudi Arabia,saudiarabia,DynamicNorm,Control,BindingMoral,DynamicNorm,61,12,61,5,8,44,11,50
SDN,31.5623291288968,44.4881358634387,68.8107462497043,43.3048157201239,55.3568990520038,95.2438858181802,65.4730660769856,87.1187721665323,SD,Sudan,sudan,NegativeEmotions,NegativeEmotions,DynamicNorm,CollectAction,45,45,23,55,55,5,25,23
SGP,46.739310297411,38.511516148861,56.1916557400102,44.2495304104534,57.2032145513983,99.9045615260592,68.5579848925862,83.1318791082836,SG,Singapore,singapore,PsychDistance,SciConsens,Control,BindingMoral,33,51,35,54,53,2,23,29
SRB,66.4789176314956,61.0427331055724,73.6601225013135,49.198963411554,97.8939427682584,53.1650744943355,10.2067569946688,69.5948254679725,RS,Serbia,serbia,DynamicNorm,FutureSelfCont,Identity-Social-Norms-Intervention,CollectAction,17,32,20,48,3,62,57,38
SVK,24.5775761750967,77.0196520489095,21.4320048950257,64.3753567947675,100,63.365147293806,17.8527902671546,82.346927464401,SK,Slovakia,slovakia,Control,CollectAction,NegativeEmotions,Letter2Future,53,11,59,23,1,57,52,30
SVN,26.9543851637322,67.2617800866341,44.4554322151425,54.330750180129,49.0395955836341,84.029081332168,47.8996071731873,99.5340470644585,SI,Slovenia,slovenia,PsychDistance,BindingMoral,PluralIgnorance,Control,49,24,47,38,59,33,37,4
SWE,20.2874002105778,77.4005368432743,27.524900040203,75.8609814891745,60.8977065661991,96.9834897631806,47.0158056549238,99.7183527609925,SE,Sweden,sweden,PsychDistance,PsychDistance,DynamicNorm,SciConsens,57,10,57,9,51,4,38,3
THA,32.5057762583509,69.1682727169668,59.0439217127383,84.9520178949131,89.9905217494166,75.0636813753209,82.4019293711238,57.5542252684431,TH,Thailand,thailand,SystemJust,CollectAction,DynamicNorm,CollectAction,42,21,31,2,11,48,15,44
TUR,76.757670991448,38.6173684934194,100,51.8136306674304,82.4709502888772,81.7075247887388,41.0662327779785,99.8918916833526,TR,Türkiye,turkey,DynamicNorm,BindingMoral,NegativeEmotions,SciConsens,5,50,1,43,21,39,40,2
TWN,42.5095753181261,9.52679971521999,88.8300987491644,0,0,0,92.2849675127464,29.8225897893249,TW,"Taiwan, Province of China",taiwan,BindingMoral,Identity-Social-Norms-Intervention,DynamicNorm,FutureSelfCont,35,62,5,63,63,63,6,58
TZA,71.9387402196972,42.6049208755102,62.3735021372624,69.8806738946341,59.1718729610202,86.1722234844621,85.1568916056792,50.7494114124994,TZ,"Tanzania, United Republic of",tanzania,DynamicNorm,SystemJust,BindingMoral,DynamicNorm,10,46,28,15,52,25,9,53
UGA,77.1852861164278,24.6997626280522,97.6231711257633,57.7517945217521,77.0601821055535,74.1904039275607,97.7925682590308,9.51103321986123,UG,Uganda,uganda,PsychDistance,DynamicNorm,DynamicNorm,CollectAction,4,58,2,30,31,50,2,62
UKR,50.509923180577,60.91257177369,80.7308243320895,40.3502747714749,70.847812474526,75.2243637253593,21.2429299795163,86.8119208956475,UA,Ukraine,ukraine,Letter2Future,Letter2Future,Identity-Social-Norms-Intervention,FutureSelfCont,30,33,13,58,36,45,48,24
URY,71.0889021018709,40.1963475874973,80.8716700538192,41.1179821031564,78.1609009278459,85.9354250563232,66.5142315410418,85.8372359915298,UY,Uruguay,uruguay,FutureSelfCont,FutureSelfCont,NegativeEmotions,FutureSelfCont,13,49,12,57,27,27,24,27
USA,8.01052813508376,96.6898937094378,30.8041194877482,100,73.8439171837576,95.1421098391528,57.1095223336781,95.1431705426893,US,United States,usa,PsychDistance,Letter2Future,Letter2Future,DynamicNorm,60,2,55,1,34,6,33,9
VEN,58.6138751831157,76.7080218830234,83.87008245469,72.4464438925638,96.2973602920796,56.997556132398,65.1739095756103,87.475093086633,VE,"Venezuela, Bolivarian Republic of",venezuela,BindingMoral,FutureSelfCont,Letter2Future,SystemJust,26,13,9,13,4,61,26,22
VNM,71.6638446982229,35.7083212938329,77.4487616408909,53.5834828853413,70.0581601616958,84.7136901556805,82.6036169140471,57.0776999826962,VN,Viet Nam,vietnam,FutureSelfCont,FutureSelfCont,CollectAction,Control,11,52,16,39,39,29,14,45
ZAF,59.7491548895515,55.2178586667622,63.6585496985811,61.24903773721,73.5699065099284,94.1826723281529,78.7427937451326,65.6407186918375,ZA,South Africa,southafrica,CollectAction,CollectAction,CollectAction,SciConsens,24,35,27,27,35,9,19,40
